domain,trials,avg_ms,min_ms,max_ms,std_ms
notion.so,7,140.143,134,155,6.35674
chatgpt.com,7,140.429,134,143,3.06394
google.com,7,140.714,135,145,3.41067
hackmd.io,7,141.714,134,151,5.99319
youtube.com,7,142.857,136,154,6.17434
canva.com,7,143.429,139,150,3.8119
ilovepdf.com,7,144.429,138,150,4.33778
cool.ntu.edu.tw,7,145.286,134,153,5.54757
onlinegdb.com,6,151.667,141,173,10.7342
pdogs.ntu.im,7,154.714,136,217,25.8386
